Workbook
Name Slicer_Age_Brackets: #N/A
Name Slicer_Age_Brackets1: #N/A
Name Slicer_Commute_Distance: #N/A
Name Slicer_Education: #N/A
Name Slicer_Education1: #N/A
Name Slicer_Gender: #N/A
Name Slicer_Marital_Status: #N/A
Name Slicer_Marital_Status1: #N/A
Name Slicer_Region: #N/A
Name Slicer_State: #N/A

Sheet Dashboard 1
A1: Cars Sales Dashboard 1

Sheet Dashboard 2
A1: Cars Sales Dashboard 2

Sheet Pivot Table 1
A1: Average of Income | B1: Purchased Cars
A2: Gender | B2: No | C2: Yes | D2: Grand Total
A3: Female | B3: 67697.399 | C3: 71140.585 | D3: 69370.36
A4: Male | B4: 69398.148 | C4: 71052.485 | D4: 70186.411
A5: Grand Total | B5: 68520.446 | C5: 71098.778 | D5: 69761.584
A23: Count of Purchased Cars | B23: Purchased Cars
A24: Commute Distance | B24: No | C24: Yes | D24: Grand Total
A25: 0–1 Kilometre | B25: 100 | C25: 100 | D25: 200
A26: 1–2 Kilometre | B26: 117 | C26: 112 | D26: 229
A27: 2–4 Kilometre | B27: 99 | C27: 106 | D27: 205
A28: 4–6 Kilometre | B28: 117 | C28: 81 | D28: 198
A29: 6+ Kilometre | B29: 96 | C29: 92 | D29: 188
A30: Grand Total | B30: 529 | C30: 491 | D30: 1020
A45: Count of Purchased Cars | B45: Purchased Cars
A46: Age Brackets | B46: No | C46: Yes | D46: Grand Total
A47: Adolescent | B47: 119 | C47: 105 | D47: 224
A48: Middle Age | B48: 265 | C48: 238 | D48: 503
A49: Old | B49: 145 | C49: 148 | D49: 293
A50: Grand Total | B50: 529 | C50: 491 | D50: 1020
A68: Count of Purchased Cars | B68: Purchased Cars
A69: Home Owners | B69: No | C69: Yes | D69: Grand Total
A70: No | B70: 282 | C70: 258 | D70: 540
A71: Yes | B71: 247 | C71: 233 | D71: 480
A72: Grand Total | B72: 529 | C72: 491 | D72: 1020

Sheet Pivot Table 2
A3: Purchased Cars | B3: Yes
A5: Occupation | B5: Education | C5: Count of Purchased Cars | D5: Average of Income
A6: Clerical | C6: 121 | D6: 77384.306
B7: Bachelors | C7: 30 | D7: 88094.2
B8: Graduate Degree | C8: 33 | D8: 78357.091
B9: High School | C9: 27 | D9: 70970
B10: Partial College | C10: 31 | D10: 71571
A11: Management | C11: 114 | D11: 69385.412
B12: Bachelors | C12: 19 | D12: 71314.579
B13: Graduate Degree | C13: 29 | D13: 70913.897
B14: High School | C14: 37 | D14: 71707.405
B15: Partial College | C15: 29 | D15: 63630.448
A16: Professional | C16: 146 | D16: 69300.123
B17: Bachelors | C17: 43 | D17: 62447.581
B18: Graduate Degree | C18: 30 | D18: 76728.167
B19: High School | C19: 32 | D19: 64976.188
B20: Partial College | C20: 41 | D20: 74426.561
A21: Skilled Manual | C21: 110 | D21: 68347.673
B22: Bachelors | C22: 21 | D22: 75474.381
B23: Graduate Degree | C23: 36 | D23: 66212.417
B24: High School | C24: 25 | D24: 66479.08
B25: Partial College | C25: 28 | D25: 67416.357
A26: Grand Total | C26: 491 | D26: 71098.778

Sheet Documentation
A1: Tab | B1: Column | C1: Formulas, Functions, …. | D1: Description
A2: Cleaned - Sorted DB | B2: A | C2: N/A | D2: Used Advanced Filter to Sort IDs and to remove duplicats
A3: Cleaned - Sorted DB | B3: B | C3: IF(XLOOKUP($A2,'RAWDATA Cars Buyers DB'!$A:$A,'RAWDATA Cars Buyers DB'!B:B)="S","Single","Married") | D3: Used "If" to convert F& M to Single and Married, and Used XLookUP to match Match Marital Status data with IDs
A4: Cleaned - Sorted DB | B4: C | C4: IF(XLOOKUP($A2,'RAWDATA Cars Buyers DB'!$A:$A,'RAWDATA Cars Buyers DB'!C:C)="F","Female","Male") | D4: Used XLookUP to match Gender data with IDs
A5: Cleaned - Sorted DB | B5: D | C5: XLOOKUP($A2,'RAWDATA Cars Buyers DB'!$A:$A,'RAWDATA Cars Buyers DB'!D:D) | D5: Used XLookUP to match Income data with IDs
A6: Cleaned - Sorted DB | B6: E | C6: XLOOKUP($A2,'RAWDATA Cars Buyers DB'!$A:$A,'RAWDATA Cars Buyers DB'!E:E) | D6: Used XLookUP to match Children data with IDs
A7: Cleaned - Sorted DB | B7: F | C7: XLOOKUP($A2,'RAWDATA Cars Buyers DB'!$A:$A,'RAWDATA Cars Buyers DB'!F:F) | D7: Used XLookUP to match Education data with IDs
A8: Cleaned - Sorted DB | B8: G | C8: XLOOKUP($A2,'RAWDATA Cars Buyers DB'!$A:$A,'RAWDATA Cars Buyers DB'!G:G) | D8: Used XLookUP to match Occupation data with IDs
A9: Cleaned - Sorted DB | B9: H | C9: XLOOKUP($A2,'RAWDATA Cars Buyers DB'!$A:$A,'RAWDATA Cars Buyers DB'!H:H) | D9: Used XLookUP to match Home Owner data with IDs
A10: Cleaned - Sorted DB | B10: I | C10: XLOOKUP($A2,'RAWDATA Cars Buyers DB'!$A:$A,'RAWDATA Cars Buyers DB'!I:I) | D10: Used XLookUP to match Commute Distance data with IDs
A11: Cleaned - Sorted DB | B11: J | C11: XLOOKUP($A2,'RAWDATA Cars Buyers DB'!$A:$A,'RAWDATA Cars Buyers DB'!J:J) | D11: Used XLookUP to match Region data with IDs
A12: Cleaned - Sorted DB | B12: K | C12: XLOOKUP($A2,'RAWDATA Cars Buyers DB'!$A:$A,'RAWDATA Cars Buyers DB'!K:K) | D12: Used XLookUP to match Age data with IDs
... A14: Cleaned - Sorted DB | B14: M | C14: XLOOKUP($A2,'RAWDATA Cars Buyers DB'!$A:$A,'RAWDATA Cars Buyers DB'!L:L) | D14: Used XLookUP to match Purchased Cars data with IDs
A16: Tab | B16: Pivot Table # | C16: Description
A17: Pivot-Table 1 | B17: PivotTable17 | C17: It Compares number of Purchased Cars Per Gender, Conditional Formatting used to Highlight the Comparison in Grand Totals
A18: Pivot-Table 1 | B18: PivotTable19 | C18: It Compares number of Purchased Cars Per Commute Distance, Conditional Formatting used to Highlight the Comparison in Grand Totals
A19: Pivot-Table 1 | B19: PivotTable20 | C19: It Compares number of Purchased Cars Per Age Brackets, Conditional Formatting used to Highlight the Comparison in Grand Totals
A20: Pivot-Table 1 | B20: PivotTable21 | C20: It Compares number of Purchased Cars Per Home Owners, Conditional Formatting used to Highlight the Comparison in Grand Totals
A22: Dashboard 1 | B22: 4 Cahrts | C22: Stylized Pivot Charts linked to dynamic tables, featuring color enhancements for optimized user clarity.
A23: Dashboard 1 | B23: 6 Slicers | C23: Interactive slicers with global Report Connections, enabling centralized filtering for the entire dashboard.
A25: Tab | B25: Pivot Table # | C25: Description
A26: Pivot Table 2 | B26: PivotTable24 | C26: It Compares number of Purchased Cars Per average Income, Education and Occupation, Conditional Formatting used to Highlight the Comparison in p number of Purchased Cars
A28: Dashboard 2 | B28: 1 Cahrt | C28: Engineered custom Pivot Charts with enhanced styling and color-coding for improved data visualization."
A29: Dashboard 2 | B29: 1 Slicer | C29: Synchronized slicer linked via Report Connections, providing unified control across the Pivot Tables and chart.

Sheet Cleaned - Sorted DB
A1: ID | B1: Marital Status | C1: Gender | D1: Income | E1: Children | F1: Education | G1: Occupation | H1: Home Owners | I1: Commute Distance | J1: State | K1: Age | L1: Age Brackets | M1: Purchased Cars
A2: 25795 | B2: =IF(_xlfn.XLOOKUP($A2,'RAWDATA Cars Buyers DB'!$A:$A,'RAWDATA Cars Buyers DB'!B:B)="S","Single","Married") -> Married | C2: =IF(_xlfn.XLOOKUP($A2,'RAWDATA Cars Buyers DB'!$A:$A,'RAWDATA Cars Buyers DB'!C:C)="F","Female","Male") -> Female | D2: =_xlfn.XLOOKUP($A2,'RAWDATA Cars Buyers DB'!$A:$A,'RAWDATA Cars Buyers DB'!D:D) -> 105371 | E2: =_xlfn.XLOOKUP($A2,'RAWDATA Cars Buyers DB'!$A:$A,'RAWDATA Cars Buyers DB'!E:E) -> 2 | F2: =_xlfn.XLOOKUP($A2,'RAWDATA Cars Buyers DB'!$A:$A,'RAWDATA Cars Buyers DB'!F:F) -> Partial College | G2: =_xlfn.XLOOKUP($A2,'RAWDATA Cars Buyers DB'!$A:$A,'RAWDATA Cars Buyers DB'!G:G) -> Clerical | H2: =_xlfn.XLOOKUP($A2,'RAWDATA Cars Buyers DB'!$A:$A,'RAWDATA Cars Buyers DB'!H:H) -> No | I2: =_xlfn.XLOOKUP($A2,'RAWDATA Cars Buyers DB'!$A:$A,'RAWDATA Cars Buyers DB'!I:I) -> 0–1 Kilometre | J2: =_xlfn.XLOOKUP($A2,'RAWDATA Cars Buyers DB'!$A:$A,'RAWDATA Cars Buyers DB'!J:J) -> Rhineland-Palatinate | K2: =_xlfn.XLOOKUP($A2,'RAWDATA Cars Buyers DB'!$A:$A,'RAWDATA Cars Buyers DB'!K:K) -> 48 | L2: =IF(_xlfn.XLOOKUP($A2,'RAWDATA Cars Buyers DB'!$A:$A,'RAWDATA Cars Buyers DB'!K:K)>54,"Old ",IF(_xlfn.XLOOKUP($A2,'RAWDATA Cars Buyers DB'!$A:$A,'RAWDATA Cars Buyers DB'!K:K)>=31,"Middle Age ",IF(_xlfn.XLOOKUP($A2,'RAWDATA Cars Buyers DB'!$A:$A,'RAWDATA Cars Buyers DB'!K:K)<31,"Adolescent","Invalid"))) -> Middle Age | M2: =_xlfn.XLOOKUP($A2,'RAWDATA Cars Buyers DB'!$A:$A,'RAWDATA Cars Buyers DB'!L:L) -> No
A3: 10860 | B3: =IF(_xlfn.XLOOKUP($A3,'RAWDATA Cars Buyers DB'!$A:$A,'RAWDATA Cars Buyers DB'!B:B)="S","Single","Married") -> Married | C3: =IF(_xlfn.XLOOKUP($A3,'RAWDATA Cars Buyers DB'!$A:$A,'RAWDATA Cars Buyers DB'!C:C)="F","Female","Male") -> Male | D3: =_xlfn.XLOOKUP($A3,'RAWDATA Cars Buyers DB'!$A:$A,'RAWDATA Cars Buyers DB'!D:D) -> 49033 | E3: =_xlfn.XLOOKUP($A3,'RAWDATA Cars Buyers DB'!$A:$A,'RAWDATA Cars Buyers DB'!E:E) -> 4 | F3: =_xlfn.XLOOKUP($A3,'RAWDATA Cars Buyers DB'!$A:$A,'RAWDATA Cars Buyers DB'!F:F) -> Bachelors | G3: =_xlfn.XLOOKUP($A3,'RAWDATA Cars Buyers DB'!$A:$A,'RAWDATA Cars Buyers DB'!G:G) -> Management | H3: =_xlfn.XLOOKUP($A3,'RAWDATA Cars Buyers DB'!$A:$A,'RAWDATA Cars Buyers DB'!H:H) -> Yes | I3: =_xlfn.XLOOKUP($A3,'RAWDATA Cars Buyers DB'!$A:$A,'RAWDATA Cars Buyers DB'!I:I) -> 1–2 Kilometre | J3: =_xlfn.XLOOKUP($A3,'RAWDATA Cars Buyers DB'!$A:$A,'RAWDATA Cars Buyers DB'!J:J) -> Bavaria | K3: =_xlfn.XLOOKUP($A3,'RAWDATA Cars Buyers DB'!$A:$A,'RAWDATA Cars Buyers DB'!K:K) -> 23 | L3: =IF(_xlfn.XLOOKUP($A3,'RAWDATA Cars Buyers DB'!$A:$A,'RAWDATA Cars Buyers DB'!K:K)>54,"Old ",IF(_xlfn.XLOOKUP($A3,'RAWDATA Cars Buyers DB'!$A:$A,'RAWDATA Cars Buyers DB'!K:K)>=31,"Middle Age ",IF(_xlfn.XLOOKUP($A3,'RAWDATA Cars Buyers DB'!$A:$A,'RAWDATA Cars Buyers DB'!K:K)<31,"Adolescent","Invalid"))) -> Adolescent | M3: =_xlfn.XLOOKUP($A3,'RAWDATA Cars Buyers DB'!$A:$A,'RAWDATA Cars Buyers DB'!L:L) -> No
A4: 86820 | B4: =IF(_xlfn.XLOOKUP($A4,'RAWDATA Cars Buyers DB'!$A:$A,'RAWDATA Cars Buyers DB'!B:B)="S","Single","Married") -> Married | C4: =IF(_xlfn.XLOOKUP($A4,'RAWDATA Cars Buyers DB'!$A:$A,'RAWDATA Cars Buyers DB'!C:C)="F","Female","Male") -> Male | D4: =_xlfn.XLOOKUP($A4,'RAWDATA Cars Buyers DB'!$A:$A,'RAWDATA Cars Buyers DB'!D:D) -> 44000 | E4: =_xlfn.XLOOKUP($A4,'RAWDATA Cars Buyers DB'!$A:$A,'RAWDATA Cars Buyers DB'!E:E) -> 4 | F4: =_xlfn.XLOOKUP($A4,'RAWDATA Cars Buyers DB'!$A:$A,'RAWDATA Cars Buyers DB'!F:F) -> Bachelors | G4: =_xlfn.XLOOKUP($A4,'RAWDATA Cars Buyers DB'!$A:$A,'RAWDATA Cars Buyers DB'!G:G) -> Professional | H4: =_xlfn.XLOOKUP($A4,'RAWDATA Cars Buyers DB'!$A:$A,'RAWDATA Cars Buyers DB'!H:H) -> No | I4: =_xlfn.XLOOKUP($A4,'RAWDATA Cars Buyers DB'!$A:$A,'RAWDATA Cars Buyers DB'!I:I) -> 2–4 Kilometre | J4: =_xlfn.XLOOKUP($A4,'RAWDATA Cars Buyers DB'!$A:$A,'RAWDATA Cars Buyers DB'!J:J) -> Hamburg | K4: =_xlfn.XLOOKUP($A4,'RAWDATA Cars Buyers DB'!$A:$A,'RAWDATA Cars Buyers DB'!K:K) -> 29 | L4: =IF(_xlfn.XLOOKUP($A4,'RAWDATA Cars Buyers DB'!$A:$A,'RAWDATA Cars Buyers DB'!K:K)>54,"Old ",IF(_xlfn.XLOOKUP($A4,'RAWDATA Cars Buyers DB'!$A:$A,'RAWDATA Cars Buyers DB'!K:K)>=31,"Middle Age ",IF(_xlfn.XLOOKUP($A4,'RAWDATA Cars Buyers DB'!$A:$A,'RAWDATA Cars Buyers DB'!K:K)<31,"Adolescent","Invalid"))) -> Adolescent | M4: =_xlfn.XLOOKUP($A4,'RAWDATA Cars Buyers DB'!$A:$A,'RAWDATA Cars Buyers DB'!L:L) -> Yes
A5: 64886 | B5: =IF(_xlfn.XLOOKUP($A5,'RAWDATA Cars Buyers DB'!$A:$A,'RAWDATA Cars Buyers DB'!B:B)="S","Single","Married") -> Married | C5: =IF(_xlfn.XLOOKUP($A5,'RAWDATA Cars Buyers DB'!$A:$A,'RAWDATA Cars Buyers DB'!C:C)="F","Female","Male") -> Male | D5: =_xlfn.XLOOKUP($A5,'RAWDATA Cars Buyers DB'!$A:$A,'RAWDATA Cars Buyers DB'!D:D) -> 95868 | E5: =_xlfn.XLOOKUP($A5,'RAWDATA Cars Buyers DB'!$A:$A,'RAWDATA Cars Buyers DB'!E:E) -> 5 | F5: =_xlfn.XLOOKUP($A5,'RAWDATA Cars Buyers DB'!$A:$A,'RAWDATA Cars Buyers DB'!F:F) -> High School | G5: =_xlfn.XLOOKUP($A5,'RAWDATA Cars Buyers DB'!$A:$A,'RAWDATA Cars Buyers DB'!G:G) -> Skilled Manual | H5: =_xlfn.XLOOKUP($A5,'RAWDATA Cars Buyers DB'!$A:$A,'RAWDATA Cars Buyers DB'!H:H) -> No | I5: =_xlfn.XLOOKUP($A5,'RAWDATA Cars Buyers DB'!$A:$A,'RAWDATA Cars Buyers DB'!I:I) -> 0–1 Kilometre | J5: =_xlfn.XLOOKUP($A5,'RAWDATA Cars Buyers DB'!$A:$A,'RAWDATA Cars Buyers DB'!J:J) -> Saarland | K5: =_xlfn.XLOOKUP($A5,'RAWDATA Cars Buyers DB'!$A:$A,'RAWDATA Cars Buyers DB'!K:K) -> 44 | L5: =IF(_xlfn.XLOOKUP($A5,'RAWDATA Cars Buyers DB'!$A:$A,'RAWDATA Cars Buyers DB'!K:K)>54,"Old ",IF(_xlfn.XLOOKUP($A5,'RAWDATA Cars Buyers DB'!$A:$A,'RAWDATA Cars Buyers DB'!K:K)>=31,"Middle Age ",IF(_xlfn.XLOOKUP($A5,'RAWDATA Cars Buyers DB'!$A:$A,'RAWDATA Cars Buyers DB'!K:K)<31,"Adolescent","Invalid"))) -> Middle Age | M5: =_xlfn.XLOOKUP($A5,'RAWDATA Cars Buyers DB'!$A:$A,'RAWDATA Cars Buyers DB'!L:L) -> No
A6: 16265 | B6: =IF(_xlfn.XLOOKUP($A6,'RAWDATA Cars Buyers DB'!$A:$A,'RAWDATA Cars Buyers DB'!B:B)="S","Single","Married") -> Married | C6: =IF(_xlfn.XLOOKUP($A6,'RAWDATA Cars Buyers DB'!$A:$A,'RAWDATA Cars Buyers DB'!C:C)="F","Female","Male") -> Female | D6: =_xlfn.XLOOKUP($A6,'RAWDATA Cars Buyers DB'!$A:$A,'RAWDATA Cars Buyers DB'!D:D) -> 62604 | E6: =_xlfn.XLOOKUP($A6,'RAWDATA Cars Buyers DB'!$A:$A,'RAWDATA Cars Buyers DB'!E:E) -> 0 | F6: =_xlfn.XLOOKUP($A6,'RAWDATA Cars Buyers DB'!$A:$A,'RAWDATA Cars Buyers DB'!F:F) -> Bachelors | G6: =_xlfn.XLOOKUP($A6,'RAWDATA Cars Buyers DB'!$A:$A,'RAWDATA Cars Buyers DB'!G:G) -> Skilled Manual | H6: =_xlfn.XLOOKUP($A6,'RAWDATA Cars Buyers DB'!$A:$A,'RAWDATA Cars Buyers DB'!H:H) -> Yes | I6: =_xlfn.XLOOKUP($A6,'RAWDATA Cars Buyers DB'!$A:$A,'RAWDATA Cars Buyers DB'!I:I) -> 1–2 Kilometre | J6: =_xlfn.XLOOKUP($A6,'RAWDATA Cars Buyers DB'!$A:$A,'RAWDATA Cars Buyers DB'!J:J) -> Berlin | K6: =_xlfn.XLOOKUP($A6,'RAWDATA Cars Buyers DB'!$A:$A,'RAWDATA Cars Buyers DB'!K:K) -> 50 | L6: =IF(_xlfn.XLOOKUP($A6,'RAWDATA Cars Buyers DB'!$A:$A,'RAWDATA Cars Buyers DB'!K:K)>54,"Old ",IF(_xlfn.XLOOKUP($A6,'RAWDATA Cars Buyers DB'!$A:$A,'RAWDATA Cars Buyers DB'!K:K)>=31,"Middle Age ",IF(_xlfn.XLOOKUP($A6,'RAWDATA Cars Buyers DB'!$A:$A,'RAWDATA Cars Buyers DB'!K:K)<31,"Adolescent","Invalid"))) -> Middle Age | M6: =_xlfn.XLOOKUP($A6,'RAWDATA Cars Buyers DB'!$A:$A,'RAWDATA Cars Buyers DB'!L:L) -> No
A7: 92386 | B7: =IF(_xlfn.XLOOKUP($A7,'RAWDATA Cars Buyers DB'!$A:$A,'RAWDATA Cars Buyers DB'!B:B)="S","Single","Married") -> Married | C7: =IF(_xlfn.XLOOKUP($A7,'RAWDATA Cars Buyers DB'!$A:$A,'RAWDATA Cars Buyers DB'!C:C)="F","Female","Male") -> Male | D7: =_xlfn.XLOOKUP($A7,'RAWDATA Cars Buyers DB'!$A:$A,'RAWDATA Cars Buyers DB'!D:D) -> 88336 | E7: =_xlfn.XLOOKUP($A7,'RAWDATA Cars Buyers DB'!$A:$A,'RAWDATA Cars Buyers DB'!E:E) -> 0 | F7: =_xlfn.XLOOKUP($A7,'RAWDATA Cars Buyers DB'!$A:$A,'RAWDATA Cars Buyers DB'!F:F) -> High School | G7: =_xlfn.XLOOKUP($A7,'RAWDATA Cars Buyers DB'!$A:$A,'RAWDATA Cars Buyers DB'!G:G) -> Skilled Manual | H7: =_xlfn.XLOOKUP($A7,'RAWDATA Cars Buyers DB'!$A:$A,'RAWDATA Cars Buyers DB'!H:H) -> No | I7: =_xlfn.XLOOKUP($A7,'RAWDATA Cars Buyers DB'!$A:$A,'RAWDATA Cars Buyers DB'!I:I) -> 2–4 Kilometre | J7: =_xlfn.XLOOKUP($A7,'RAWDATA Cars Buyers DB'!$A:$A,'RAWDATA Cars Buyers DB'!J:J) -> Bremen | K7: =_xlfn.XLOOKUP($A7,'RAWDATA Cars Buyers DB'!$A:$A,'RAWDATA Cars Buyers DB'!K:K) -> 22 | L7: =IF(_xlfn.XLOOKUP($A7,'RAWDATA Cars Buyers DB'!$A:$A,'RAWDATA Cars Buyers DB'!K:K)>54,"Old ",IF(_xlfn.XLOOKUP($A7,'RAWDATA Cars Buyers DB'!$A:$A,'RAWDATA Cars Buyers DB'!K:K)>=31,"Middle Age ",IF(_xlfn.XLOOKUP($A7,'RAWDATA Cars Buyers DB'!$A:$A,'RAWDATA Cars Buyers DB'!K:K)<31,"Adolescent","Invalid"))) -> Adolescent | M7: =_xlfn.XLOOKUP($A7,'RAWDATA Cars Buyers DB'!$A:$A,'RAWDATA Cars Buyers DB'!L:L) -> Yes
A8: 47194 | B8: =IF(_xlfn.XLOOKUP($A8,'RAWDATA Cars Buyers DB'!$A:$A,'RAWDATA Cars Buyers DB'!B:B)="S","Single","Married") -> Married | C8: =IF(_xlfn.XLOOKUP($A8,'RAWDATA Cars Buyers DB'!$A:$A,'RAWDATA Cars Buyers DB'!C:C)="F","Female","Male") -> Female | D8: =_xlfn.XLOOKUP($A8,'RAWDATA Cars Buyers DB'!$A:$A,'RAWDATA Cars Buyers DB'!D:D) -> 115074 | E8: =_xlfn.XLOOKUP($A8,'RAWDATA Cars Buyers DB'!$A:$A,'RAWDATA Cars Buyers DB'!E:E) -> 0 | F8: =_xlfn.XLOOKUP($A8,'RAWDATA Cars Buyers DB'!$A:$A,'RAWDATA Cars Buyers DB'!F:F) -> High School | G8: =_xlfn.XLOOKUP($A8,'RAWDATA Cars Buyers DB'!$A:$A,'RAWDATA Cars Buyers DB'!G:G) -> Professional | H8: =_xlfn.XLOOKUP($A8,'RAWDATA Cars Buyers DB'!$A:$A,'RAWDATA Cars Buyers DB'!H:H) -> Yes | I8: =_xlfn.XLOOKUP($A8,'RAWDATA Cars Buyers DB'!$A:$A,'RAWDATA Cars Buyers DB'!I:I) -> 4–6 Kilometre | J8: =_xlfn.XLOOKUP($A8,'RAWDATA Cars Buyers DB'!$A:$A,'RAWDATA Cars Buyers DB'!J:J) -> Saxony-Anhalt | K8: =_xlfn.XLOOKUP($A8,'RAWDATA Cars Buyers DB'!$A:$A,'RAWDATA Cars Buyers DB'!K:K) -> 66 | L8: =IF(_xlfn.XLOOKUP($A8,'RAWDATA Cars Buyers DB'!$A:$A,'RAWDATA Cars Buyers DB'!K:K)>54,"Old ",IF(_xlfn.XLOOKUP($A8,'RAWDATA Cars Buyers DB'!$A:$A,'RAWDATA Cars Buyers DB'!K:K)>=31,"Middle Age ",IF(_xlfn.XLOOKUP($A8,'RAWDATA Cars Buyers DB'!$A:$A,'RAWDATA Cars Buyers DB'!K:K)<31,"Adolescent","Invalid"))) -> Old | M8: =_xlfn.XLOOKUP($A8,'RAWDATA Cars Buyers DB'!$A:$A,'RAWDATA Cars Buyers DB'!L:L) -> Yes
A9: 97498 | B9: =IF(_xlfn.XLOOKUP($A9,'RAWDATA Cars Buyers DB'!$A:$A,'RAWDATA Cars Buyers DB'!B:B)="S","Single","Married") -> Single | C9: =IF(_xlfn.XLOOKUP($A9,'RAWDATA Cars Buyers DB'!$A:$A,'RAWDATA Cars Buyers DB'!C:C)="F","Female","Male") -> Male | D9: =_xlfn.XLOOKUP($A9,'RAWDATA Cars Buyers DB'!$A:$A,'RAWDATA Cars Buyers DB'!D:D) -> 115655 | E9: =_xlfn.XLOOKUP($A9,'RAWDATA Cars Buyers DB'!$A:$A,'RAWDATA Cars Buyers DB'!E:E) -> 2 | F9: =_xlfn.XLOOKUP($A9,'RAWDATA Cars Buyers DB'!$A:$A,'RAWDATA Cars Buyers DB'!F:F) -> Graduate Degree | G9: =_xlfn.XLOOKUP($A9,'RAWDATA Cars Buyers DB'!$A:$A,'RAWDATA Cars Buyers DB'!G:G) -> Management | H9: =_xlfn.XLOOKUP($A9,'RAWDATA Cars Buyers DB'!$A:$A,'RAWDATA Cars Buyers DB'!H:H) -> Yes | I9: =_xlfn.XLOOKUP($A9,'RAWDATA Cars Buyers DB'!$A:$A,'RAWDATA Cars Buyers DB'!I:I) -> 2–4 Kilometre | J9: =_xlfn.XLOOKUP($A9,'RAWDATA Cars Buyers DB'!$A:$A,'RAWDATA Cars Buyers DB'!J:J) -> Berlin | K9: =_xlfn.XLOOKUP($A9,'RAWDATA Cars Buyers DB'!$A:$A,'RAWDATA Cars Buyers DB'!K:K) -> 21 | L9: =IF(_xlfn.XLOOKUP($A9,'RAWDATA Cars Buyers DB'!$A:$A,'RAWDATA Cars Buyers DB'!K:K)>54,"Old ",IF(_xlfn.XLOOKUP($A9,'RAWDATA Cars Buyers DB'!$A:$A,'RAWDATA Cars Buyers DB'!K:K)>=31,"Middle Age ",IF(_xlfn.XLOOKUP($A9,'RAWDATA Cars Buyers DB'!$A:$A,'RAWDATA Cars Buyers DB'!K:K)<31,"Adolescent","Invalid"))) -> Adolescent | M9: =_xlfn.XLOOKUP($A9,'RAWDATA Cars Buyers DB'!$A:$A,'RAWDATA Cars Buyers DB'!L:L) -> Yes
A10: 54131 | B10: =IF(_xlfn.XLOOKUP($A10,'RAWDATA Cars Buyers DB'!$A:$A,'RAWDATA Cars Buyers DB'!B:B)="S","Single","Married") -> Single | C10: =IF(_xlfn.XLOOKUP($A10,'RAWDATA Cars Buyers DB'!$A:$A,'RAWDATA Cars Buyers DB'!C:C)="F","Female","Male") -> Male | D10: =_xlfn.XLOOKUP($A10,'RAWDATA Cars Buyers DB'!$A:$A,'RAWDATA Cars Buyers DB'!D:D) -> 93869 | E10: =_xlfn.XLOOKUP($A10,'RAWDATA Cars Buyers DB'!$A:$A,'RAWDATA Cars Buyers DB'!E:E) -> 3 | F10: =_xlfn.XLOOKUP($A10,'RAWDATA Cars Buyers DB'!$A:$A,'RAWDATA Cars Buyers DB'!F:F) -> High School | G10: =_xlfn.XLOOKUP($A10,'RAWDATA Cars Buyers DB'!$A:$A,'RAWDATA Cars Buyers DB'!G:G) -> Management | H10: =_xlfn.XLOOKUP($A10,'RAWDATA Cars Buyers DB'!$A:$A,'RAWDATA Cars Buyers DB'!H:H) -> Yes | I10: =_xlfn.XLOOKUP($A10,'RAWDATA Cars Buyers DB'!$A:$A,'RAWDATA Cars Buyers DB'!I:I) -> 6+ Kilometre | J10: =_xlfn.XLOOKUP($A10,'RAWDATA Cars Buyers DB'!$A:$A,'RAWDATA Cars Buyers DB'!J:J) -> Berlin | K10: =_xlfn.XLOOKUP($A10,'RAWDATA Cars Buyers DB'!$A:$A,'RAWDATA Cars Buyers DB'!K:K) -> 44 | L10: =IF(_xlfn.XLOOKUP($A10,'RAWDATA Cars Buyers DB'!$A:$A,'RAWDATA Cars Buyers DB'!K:K)>54,"Old ",IF(_xlfn.XLOOKUP($A10,'RAWDATA Cars Buyers DB'!$A:$A,'RAWDATA Cars Buyers DB'!K:K)>=31,"Middle Age ",IF(_xlfn.XLOOKUP($A10,'RAWDATA Cars Buyers DB'!$A:$A,'RAWDATA Cars Buyers DB'!K:K)<31,"Adolescent","Invalid"))) -> Middle Age | M10: =_xlfn.XLOOKUP($A10,'RAWDATA Cars Buyers DB'!$A:$A,'RAWDATA Cars Buyers DB'!L:L) -> No
A11: 70263 | B11: =IF(_xlfn.XLOOKUP($A11,'RAWDATA Cars Buyers DB'!$A:$A,'RAWDATA Cars Buyers DB'!B:B)="S","Single","Married") -> Married | C11: =IF(_xlfn.XLOOKUP($A11,'RAWDATA Cars Buyers DB'!$A:$A,'RAWDATA Cars Buyers DB'!C:C)="F","Female","Male") -> Male | D11: =_xlfn.XLOOKUP($A11,'RAWDATA Cars Buyers DB'!$A:$A,'RAWDATA Cars Buyers DB'!D:D) -> 25410 | E11: =_xlfn.XLOOKUP($A11,'RAWDATA Cars Buyers DB'!$A:$A,'RAWDATA Cars Buyers DB'!E:E) -> 0 | F11: =_xlfn.XLOOKUP($A11,'RAWDATA Cars Buyers DB'!$A:$A,'RAWDATA Cars Buyers DB'!F:F) -> High School | G11: =_xlfn.XLOOKUP($A11,'RAWDATA Cars Buyers DB'!$A:$A,'RAWDATA Cars Buyers DB'!G:G) -> Clerical | H11: =_xlfn.XLOOKUP($A11,'RAWDATA Cars Buyers DB'!$A:$A,'RAWDATA Cars Buyers DB'!H:H) -> Yes | I11: =_xlfn.XLOOKUP($A11,'RAWDATA Cars Buyers DB'!$A:$A,'RAWDATA Cars Buyers DB'!I:I) -> 2–4 Kilometre | J11: =_xlfn.XLOOKUP($A11,'RAWDATA Cars Buyers DB'!$A:$A,'RAWDATA Cars Buyers DB'!J:J) -> Lower Saxony | K11: =_xlfn.XLOOKUP($A11,'RAWDATA Cars Buyers DB'!$A:$A,'RAWDATA Cars Buyers DB'!K:K) -> 68 | L11: =IF(_xlfn.XLOOKUP($A11,'RAWDATA Cars Buyers DB'!$A:$A,'RAWDATA Cars Buyers DB'!K:K)>54,"Old ",IF(_xlfn.XLOOKUP($A11,'RAWDATA Cars Buyers DB'!$A:$A,'RAWDATA Cars Buyers DB'!K:K)>=31,"Middle Age ",IF(_xlfn.XLOOKUP($A11,'RAWDATA Cars Buyers DB'!$A:$A,'RAWDATA Cars Buyers DB'!K:K)<31,"Adolescent","Invalid"))) -> Old | M11: =_xlfn.XLOOKUP($A11,'RAWDATA Cars Buyers DB'!$A:$A,'RAWDATA Cars Buyers DB'!L:L) -> Yes
A12: 26023 | B12: =IF(_xlfn.XLOOKUP($A12,'RAWDATA Cars Buyers DB'!$A:$A,'RAWDATA Cars Buyers DB'!B:B)="S","Single","Married") -> Single | C12: =IF(_xlfn.XLOOKUP($A12,'RAWDATA Cars Buyers DB'!$A:$A,'RAWDATA Cars Buyers DB'!C:C)="F","Female","Male") -> Female | D12: =_xlfn.XLOOKUP($A12,'RAWDATA Cars Buyers DB'!$A:$A,'RAWDATA Cars Buyers DB'!D:D) -> 103375 | E12: =_xlfn.XLOOKUP($A12,'RAWDATA Cars Buyers DB'!$A:$A,'RAWDATA Cars Buyers DB'!E:E) -> 0 | F12: =_xlfn.XLOOKUP($A12,'RAWDATA Cars Buyers DB'!$A:$A,'RAWDATA Cars Buyers DB'!F:F) -> Graduate Degree | G12: =_xlfn.XLOOKUP($A12,'RAWDATA Cars Buyers DB'!$A:$A,'RAWDATA Cars Buyers DB'!G:G) -> Professional | H12: =_xlfn.XLOOKUP($A12,'RAWDATA Cars Buyers DB'!$A:$A,'RAWDATA Cars Buyers DB'!H:H) -> Yes | I12: =_xlfn.XLOOKUP($A12,'RAWDATA Cars Buyers DB'!$A:$A,'RAWDATA Cars Buyers DB'!I:I) -> 6+ Kilometre | J12: =_xlfn.XLOOKUP($A12,'RAWDATA Cars Buyers DB'!$A:$A,'RAWDATA Cars Buyers DB'!J:J) -> Saxony-Anhalt | K12: =_xlfn.XLOOKUP($A12,'RAWDATA Cars Buyers DB'!$A:$A,'RAWDATA Cars Buyers DB'!K:K) -> 25 | L12: =IF(_xlfn.XLOOKUP($A12,'RAWDATA Cars Buyers DB'!$A:$A,'RAWDATA Cars Buyers DB'!K:K)>54,"Old ",IF(_xlfn.XLOOKUP($A12,'RAWDATA Cars Buyers DB'!$A:$A,'RAWDATA Cars Buyers DB'!K:K)>=31,"Middle Age ",IF(_xlfn.XLOOKUP($A12,'RAWDATA Cars Buyers DB'!$A:$A,'RAWDATA Cars Buyers DB'!K:K)<31,"Adolescent","Invalid"))) -> Adolescent | M12: =_xlfn.XLOOKUP($A12,'RAWDATA Cars Buyers DB'!$A:$A,'RAWDATA Cars Buyers DB'!L:L) -> No
A13: 51090 | B13: =IF(_xlfn.XLOOKUP($A13,'RAWDATA Cars Buyers DB'!$A:$A,'RAWDATA Cars Buyers DB'!B:B)="S","Single","Married") -> Married | C13: =IF(_xlfn.XLOOKUP($A13,'RAWDATA Cars Buyers DB'!$A:$A,'RAWDATA Cars Buyers DB'!C:C)="F","Female","Male") -> Female | D13: =_xlfn.XLOOKUP($A13,'RAWDATA Cars Buyers DB'!$A:$A,'RAWDATA Cars Buyers DB'!D:D) -> 76044 | E13: =_xlfn.XLOOKUP($A13,'RAWDATA Cars Buyers DB'!$A:$A,'RAWDATA Cars Buyers DB'!E:E) -> 1 | F13: =_xlfn.XLOOKUP($A13,'RAWDATA Cars Buyers DB'!$A:$A,'RAWDATA Cars Buyers DB'!F:F) -> Bachelors | G13: =_xlfn.XLOOKUP($A13,'RAWDATA Cars Buyers DB'!$A:$A,'RAWDATA Cars Buyers DB'!G:G) -> Management | H13: =_xlfn.XLOOKUP($A13,'RAWDATA Cars Buyers DB'!$A:$A,'RAWDATA Cars Buyers DB'!H:H) -> No | I13: =_xlfn.XLOOKUP($A13,'RAWDATA Cars Buyers DB'!$A:$A,'RAWDATA Cars Buyers DB'!I:I) -> 1–2 Kilometre | J13: =_xlfn.XLOOKUP($A13,'RAWDATA Cars Buyers DB'!$A:$A,'RAWDATA Cars Buyers DB'!J:J) -> Baden-Württemberg | K13: =_xlfn.XLOOKUP($A13,'RAWDATA Cars Buyers DB'!$A:$A,'RAWDATA Cars Buyers DB'!K:K) -> 45 | L13: =IF(_xlfn.XLOOKUP($A13,'RAWDATA Cars Buyers DB'!$A:$A,'RAWDATA Cars Buyers DB'!K:K)>54,"Old ",IF(_xlfn.XLOOKUP($A13,'RAWDATA Cars Buyers DB'!$A:$A,'RAWDATA Cars Buyers DB'!K:K)>=31,"Middle Age ",IF(_xlfn.XLOOKUP($A13,'RAWDATA Cars Buyers DB'!$A:$A,'RAWDATA Cars Buyers DB'!K:K)<31,"Adolescent","Invalid"))) -> Middle Age | M13: =_xlfn.XLOOKUP($A13,'RAWDATA Cars Buyers DB'!$A:$A,'RAWDATA Cars Buyers DB'!L:L) -> No
... A1021: 44016 | B1021: =IF(_xlfn.XLOOKUP($A1021,'RAWDATA Cars Buyers DB'!$A:$A,'RAWDATA Cars Buyers DB'!B:B)="S","Single","Married") -> Married | C1021: =IF(_xlfn.XLOOKUP($A1021,'RAWDATA Cars Buyers DB'!$A:$A,'RAWDATA Cars Buyers DB'!C:C)="F","Female","Male") -> Female | D1021: =_xlfn.XLOOKUP($A1021,'RAWDATA Cars Buyers DB'!$A:$A,'RAWDATA Cars Buyers DB'!D:D) -> 52920 | E1021: =_xlfn.XLOOKUP($A1021,'RAWDATA Cars Buyers DB'!$A:$A,'RAWDATA Cars Buyers DB'!E:E) -> 2 | F1021: =_xlfn.XLOOKUP($A1021,'RAWDATA Cars Buyers DB'!$A:$A,'RAWDATA Cars Buyers DB'!F:F) -> Bachelors | G1021: =_xlfn.XLOOKUP($A1021,'RAWDATA Cars Buyers DB'!$A:$A,'RAWDATA Cars Buyers DB'!G:G) -> Professional | H1021: =_xlfn.XLOOKUP($A1021,'RAWDATA Cars Buyers DB'!$A:$A,'RAWDATA Cars Buyers DB'!H:H) -> Yes | I1021: =_xlfn.XLOOKUP($A1021,'RAWDATA Cars Buyers DB'!$A:$A,'RAWDATA Cars Buyers DB'!I:I) -> 2–4 Kilometre | J1021: =_xlfn.XLOOKUP($A1021,'RAWDATA Cars Buyers DB'!$A:$A,'RAWDATA Cars Buyers DB'!J:J) -> Saarland | K1021: =_xlfn.XLOOKUP($A1021,'RAWDATA Cars Buyers DB'!$A:$A,'RAWDATA Cars Buyers DB'!K:K) -> 57 | L1021: =IF(_xlfn.XLOOKUP($A1021,'RAWDATA Cars Buyers DB'!$A:$A,'RAWDATA Cars Buyers DB'!K:K)>54,"Old ",IF(_xlfn.XLOOKUP($A1021,'RAWDATA Cars Buyers DB'!$A:$A,'RAWDATA Cars Buyers DB'!K:K)>=31,"Middle Age ",IF(_xlfn.XLOOKUP($A1021,'RAWDATA Cars Buyers DB'!$A:$A,'RAWDATA Cars Buyers DB'!K:K)<31,"Adolescent","Invalid"))) -> Old | M1021: =_xlfn.XLOOKUP($A1021,'RAWDATA Cars Buyers DB'!$A:$A,'RAWDATA Cars Buyers DB'!L:L) -> Yes

Sheet RAWDATA Cars Buyers DB
A1: ID | B1: Marital Status | C1: Gender | D1: Income | E1: Children | F1: Education | G1: Occupation | H1: Home Owner | I1: Commute Distance | J1: State | K1: Age | L1: Purchased Cars
A2: 25795 | B2: M | C2: F | D2: 105371 | E2: 2 | F2: Partial College | G2: Clerical | H2: No | I2: 0–1 Kilometre | J2: Rhineland-Palatinate | K2: 48 | L2: No
A3: 10860 | B3: M | C3: M | D3: 49033 | E3: 4 | F3: Bachelors | G3: Management | H3: Yes | I3: 1–2 Kilometre | J3: Bavaria | K3: 23 | L3: No
A4: 86820 | B4: M | C4: M | D4: 44000 | E4: 4 | F4: Bachelors | G4: Professional | H4: No | I4: 2–4 Kilometre | J4: Hamburg | K4: 29 | L4: Yes
A5: 64886 | B5: M | C5: M | D5: 95868 | E5: 5 | F5: High School | G5: Skilled Manual | H5: No | I5: 0–1 Kilometre | J5: Saarland | K5: 44 | L5: No
A6: 16265 | B6: M | C6: F | D6: 62604 | E6: 0 | F6: Bachelors | G6: Skilled Manual | H6: Yes | I6: 1–2 Kilometre | J6: Berlin | K6: 50 | L6: No
A7: 92386 | B7: M | C7: M | D7: 88336 | E7: 0 | F7: High School | G7: Skilled Manual | H7: No | I7: 2–4 Kilometre | J7: Bremen | K7: 22 | L7: Yes
A8: 10860 | B8: M | C8: M | D8: 49033 | E8: 4 | F8: Bachelors | G8: Management | H8: Yes | I8: 1–2 Kilometre | J8: Bavaria | K8: 23 | L8: No
A9: 47194 | B9: M | C9: F | D9: 115074 | E9: 0 | F9: High School | G9: Professional | H9: Yes | I9: 4–6 Kilometre | J9: Saxony-Anhalt | K9: 66 | L9: Yes
A10: 97498 | B10: S | C10: M | D10: 115655 | E10: 2 | F10: Graduate Degree | G10: Management | H10: Yes | I10: 2–4 Kilometre | J10: Berlin | K10: 21 | L10: Yes
A11: 54131 | B11: S | C11: M | D11: 93869 | E11: 3 | F11: High School | G11: Management | H11: Yes | I11: 6+ Kilometre | J11: Berlin | K11: 44 | L11: No
A12: 70263 | B12: M | C12: M | D12: 25410 | E12: 0 | F12: High School | G12: Clerical | H12: Yes | I12: 2–4 Kilometre | J12: Lower Saxony | K12: 68 | L12: Yes
A13: 26023 | B13: S | C13: F | D13: 103375 | E13: 0 | F13: Graduate Degree | G13: Professional | H13: Yes | I13: 6+ Kilometre | J13: Saxony-Anhalt | K13: 25 | L13: No
... A1029: 29096 | B1029: S | C1029: F | D1029: 108499 | E1029: 4 | F1029: High School | G1029: Professional | H1029: Yes | I1029: 0–1 Kilometre | J1029: Hamburg | K1029: 50 | L1029: Yes

Sheet Dashboard
A1: Bike Sales Dashboard
